task,split,missing,rows,total_chars,non_acgt_chars,rows_with_non_acgt,strict_survivors,n_tolerant_survivors,unified_eval_n
BEND__CpG_methylation,train,false,743095,380464640,504,15,743080,743095,106224
BEND__CpG_methylation,dev,false,109717,56175104,20,1,109716,109717,106224
BEND__CpG_methylation,test,false,106227,54388224,4,3,106224,106227,106224
Deep4mC_datasets__C.elegans_4mC,train,false,76434,3133794,0,0,76434,76434,36397
Deep4mC_datasets__C.elegans_4mC,dev,false,8492,348172,0,0,8492,8492,36397
Deep4mC_datasets__C.elegans_4mC,test,false,36398,1492318,11,1,36397,36398,36397
Deep4mC_datasets__D.melanogaster_4mC,train,false,113820,4666620,109,11,113809,113820,54185
Deep4mC_datasets__D.melanogaster_4mC,dev,false,12646,518486,0,0,12646,12646,54185
Deep4mC_datasets__D.melanogaster_4mC,test,false,54200,2222200,144,15,54185,54200,54185
Deep4mC_datasets__E.coli_4mC,train,false,7814,320374,0,0,7814,7814,3721
Deep4mC_datasets__E.coli_4mC,dev,false,867,35547,0,0,867,867,3721
Deep4mC_datasets__E.coli_4mC,test,false,3721,152561,0,0,3721,3721,3721
GUE__EPI_GM12878,,true,,,,,,,
GUE__emp_H3,train,false,11971,5985100,0,0,11971,11971,1497
GUE__emp_H3,dev,false,1497,748500,0,0,1497,1497,1497
GUE__emp_H3,test,false,1497,748500,0,0,1497,1497,1497
GUE__emp_H3K14ac,train,false,26438,13218759,0,0,26438,26438,3305
GUE__emp_H3K14ac,dev,false,3305,1652290,0,0,3305,3305,3305
GUE__emp_H3K14ac,test,false,3305,1652500,0,0,3305,3305,3305
GUE__emp_H3K36me3,train,false,27904,13951759,0,0,27904,27904,3488
GUE__emp_H3K36me3,dev,false,3488,1744000,0,0,3488,3488,3488
GUE__emp_H3K36me3,test,false,3488,1744000,0,0,3488,3488,3488
GUE__emp_H3K4me1,train,false,25341,12670310,0,0,25341,25341,3168
GUE__emp_H3K4me1,dev,false,3168,1584000,0,0,3168,3168,3168
GUE__emp_H3K4me1,test,false,3168,1583790,0,0,3168,3168,3168
GUE__emp_H3K79me3,train,false,23069,11534259,0,0,23069,23069,2884
GUE__emp_H3K79me3,dev,false,2884,1442000,0,0,2884,2884,2884
GUE__emp_H3K79me3,test,false,2884,1442000,0,0,2884,2884,2884
GUE__emp_H3K9ac,train,false,22224,11111790,0,0,22224,22224,2779
GUE__emp_H3K9ac,dev,false,2779,1389500,0,0,2779,2779,2779
GUE__emp_H3K9ac,test,false,2779,1389500,0,0,2779,2779,2779
GUE__emp_H4,train,false,11679,5839259,0,0,11679,11679,1461
GUE__emp_H4,dev,false,1461,730500,0,0,1461,1461,1461
GUE__emp_H4,test,false,1461,730500,0,0,1461,1461,1461
GUE__emp_H4ac,train,false,27275,13637290,0,0,27275,27275,3410
GUE__emp_H4ac,dev,false,3410,1704949,0,0,3410,3410,3410
GUE__emp_H4ac,test,false,3410,1705000,0,0,3410,3410,3410
GUE__fungi_species_20,,true,,,,,,,
GUE__human_tf_0,,true,,,,,,,
GUE__mouse_1,,true,,,,,,,
GUE__mouse_4,,true,,,,,,,
GUE__prom_300_all,train,false,47356,14206800,0,0,47356,47356,5920
GUE__prom_300_all,dev,false,5920,1776000,1,1,5919,5920,5920
GUE__prom_300_all,test,false,5920,1776000,0,0,5920,5920,5920
GUE__prom_core_all,train,false,47356,3314920,0,0,47356,47356,5920
GUE__prom_core_all,dev,false,5920,414400,0,0,5920,5920,5920
GUE__prom_core_all,test,false,5920,414400,0,0,5920,5920,5920
GUE__virus_covid,,true,,,,,,,
GUE__virus_species_40,,true,,,,,,,
Genomic_Benchmarks__coding,train,false,67500,13500000,0,0,67500,67500,25000
Genomic_Benchmarks__coding,dev,false,7500,1500000,0,0,7500,7500,25000
Genomic_Benchmarks__coding,test,false,25000,5000000,0,0,25000,25000,25000
Genomic_Benchmarks__human_vs_worm,train,false,67500,13500000,343670,1719,65781,67500,24355
Genomic_Benchmarks__human_vs_worm,dev,false,7500,1500000,33100,166,7334,7500,24355
Genomic_Benchmarks__human_vs_worm,test,false,25000,5000000,128812,645,24355,25000,24355
Genomic_Benchmarks__regulatory_region_type,train,false,135001,58055797,3,3,134998,135001,57712
Genomic_Benchmarks__regulatory_region_type,dev,false,14999,6435816,0,0,14999,14999,57712
Genomic_Benchmarks__regulatory_region_type,test,false,57713,24821743,1,1,57712,57713,57712
NT_downstream_tasks__H3K27ac,train,false,27001,27001000,0,0,27001,27001,1616
NT_downstream_tasks__H3K27ac,dev,false,2999,2999000,0,0,2999,2999,1616
NT_downstream_tasks__H3K27ac,test,false,1616,1616000,0,0,1616,1616,1616
NT_downstream_tasks__H3K27me3,train,false,27001,27001000,0,0,27001,27001,3000
NT_downstream_tasks__H3K27me3,dev,false,2999,2999000,0,0,2999,2999,3000
NT_downstream_tasks__H3K27me3,test,false,3000,3000000,0,0,3000,3000,3000
NT_downstream_tasks__H3K4me2,train,false,27001,27001000,0,0,27001,27001,2138
NT_downstream_tasks__H3K4me2,dev,false,2999,2999000,0,0,2999,2999,2138
NT_downstream_tasks__H3K4me2,test,false,2138,2138000,0,0,2138,2138,2138
NT_downstream_tasks__H3K9me3,train,false,24696,24696000,0,0,24696,24696,850
NT_downstream_tasks__H3K9me3,dev,false,2742,2742000,0,0,2742,2742,850
NT_downstream_tasks__H3K9me3,test,false,850,850000,0,0,850,850,850
NT_downstream_tasks__enhancers,train,false,27001,10800400,0,0,27001,27001,3000
NT_downstream_tasks__enhancers,dev,false,2999,1199600,0,0,2999,2999,3000
NT_downstream_tasks__enhancers,test,false,3000,1200000,0,0,3000,3000,3000
NT_downstream_tasks__splice_sites_acceptors,train,false,27001,16200600,0,0,27001,27001,3000
NT_downstream_tasks__splice_sites_acceptors,dev,false,2999,1799400,0,0,2999,2999,3000
NT_downstream_tasks__splice_sites_acceptors,test,false,3000,1800000,0,0,3000,3000,3000
NT_downstream_tasks__splice_sites_all,train,false,27002,16201200,0,0,27002,27002,3000
NT_downstream_tasks__splice_sites_all,dev,false,2998,1798800,0,0,2998,2998,3000
NT_downstream_tasks__splice_sites_all,test,false,3000,1800000,0,0,3000,3000,3000
NT_downstream_tasks__splice_sites_donors,train,false,27001,16200600,0,0,27001,27001,3000
NT_downstream_tasks__splice_sites_donors,dev,false,2999,1799400,0,0,2999,2999,3000
NT_downstream_tasks__splice_sites_donors,test,false,3000,1800000,0,0,3000,3000,3000
PDLLMs_datasets__plant-multi-species-H3K27ac,train,false,81920,54636707,44,21,81899,81920,10240
PDLLMs_datasets__plant-multi-species-H3K27ac,dev,false,10240,6865442,12,3,10237,10240,10240
PDLLMs_datasets__plant-multi-species-H3K27ac,test,false,10240,6887630,0,0,10240,10240,10240
PDLLMs_datasets__plant-multi-species-H3K27me3,train,false,79748,68004017,101,30,79718,79747,9967
PDLLMs_datasets__plant-multi-species-H3K27me3,dev,false,9968,8448938,5,2,9966,9968,9967
PDLLMs_datasets__plant-multi-species-H3K27me3,test,false,9968,8528228,1,1,9967,9967,9967
PDLLMs_datasets__plant-multi-species-H3K4me3,train,false,81920,80640938,49,16,81904,81919,10237
PDLLMs_datasets__plant-multi-species-H3K4me3,dev,false,10240,10128433,11,4,10236,10240,10237
PDLLMs_datasets__plant-multi-species-H3K4me3,test,false,10240,10040751,11,3,10237,10240,10237
PDLLMs_datasets__plant-multi-species-core-promoters,train,false,66560,19968000,129,84,66476,66548,8309
PDLLMs_datasets__plant-multi-species-core-promoters,dev,false,8320,2496000,21,18,8302,8320,8309
PDLLMs_datasets__plant-multi-species-core-promoters,test,false,8320,2496000,151,11,8309,8320,8309
PDLLMs_datasets__plant-multi-species-lncRNAs,train,false,40248,24127778,3849,29,40219,40248,5024
PDLLMs_datasets__plant-multi-species-lncRNAs,dev,false,5028,3021589,17,3,5025,5028,5024
PDLLMs_datasets__plant-multi-species-lncRNAs,test,false,5032,2976901,1665,8,5024,5032,5024
PDLLMs_datasets__plant-multi-species-open-chromatin,train,false,118800,57450521,2597,348,118452,118790,14801
PDLLMs_datasets__plant-multi-species-open-chromatin,dev,false,14850,7155631,54,41,14809,14850,14801
PDLLMs_datasets__plant-multi-species-open-chromatin,test,false,14850,7103876,80,49,14801,14849,14801
PDLLMs_datasets__plant-multi-species-sequence-conservation,train,false,56320,56320000,635,213,56107,56320,7002
PDLLMs_datasets__plant-multi-species-sequence-conservation,dev,false,7040,7040000,93,30,7010,7040,7002
PDLLMs_datasets__plant-multi-species-sequence-conservation,test,false,7040,7040000,133,38,7002,7040,7002
PlantCAD2_fine_tuning_tasks__cross_species_leaf_absolute_translation,train,false,21894,10947000,28,2,21892,21893,39033
PlantCAD2_fine_tuning_tasks__cross_species_leaf_absolute_translation,dev,false,5492,2746000,0,0,5492,5492,39033
PlantCAD2_fine_tuning_tasks__cross_species_leaf_absolute_translation,test,false,39035,19517500,537,2,39033,39035,39033
PlantCAD2_fine_tuning_tasks__cross_species_leaf_on_off_translation,train,false,21894,10947000,28,2,21892,21893,39033
PlantCAD2_fine_tuning_tasks__cross_species_leaf_on_off_translation,dev,false,5492,2746000,0,0,5492,5492,39033
PlantCAD2_fine_tuning_tasks__cross_species_leaf_on_off_translation,test,false,39035,19517500,537,2,39033,39035,39033
iDNA_ABF_datasets__5mC,train,false,2110,86510,0,0,2110,2110,2344
iDNA_ABF_datasets__5mC,dev,false,234,9594,0,0,234,234,2344
iDNA_ABF_datasets__5mC,test,false,2344,96104,0,0,2344,2344,2344
iDNA_ABF_datasets__6mA,train,false,16504,676664,0,0,16504,16504,18334
iDNA_ABF_datasets__6mA,dev,false,1832,75112,0,0,1832,1832,18334
iDNA_ABF_datasets__6mA,test,false,18334,751694,0,0,18334,18334,18334
iPro-WAEL_datasets__Promoter_R_capsulatus,train,false,6666,266640,0,0,6666,6666,3175
iPro-WAEL_datasets__Promoter_R_capsulatus,dev,false,740,29600,0,0,740,740,3175
iPro-WAEL_datasets__Promoter_R_capsulatus,test,false,3175,127000,0,0,3175,3175,3175
plant-genomic-benchmark__gene_exp.arabidopsis_thaliana,train,false,25731,154386000,6344,35,25696,25731,3398
plant-genomic-benchmark__gene_exp.arabidopsis_thaliana,dev,false,3401,20406000,3,3,3398,3401,3398
plant-genomic-benchmark__gene_exp.arabidopsis_thaliana,test,false,3402,20412000,6,4,3398,3402,3398
plant-genomic-benchmark__gene_exp.oryza_sativa,train,false,31244,187464000,51537,286,30958,31244,3671
plant-genomic-benchmark__gene_exp.oryza_sativa,dev,false,3702,22212000,6880,37,3665,3702,3671
plant-genomic-benchmark__gene_exp.oryza_sativa,test,false,3702,22212000,6436,31,3671,3702,3671
plant-genomic-benchmark__gene_exp.zea_mays,train,false,34493,206958000,20860,10,34483,34493,4482
plant-genomic-benchmark__gene_exp.zea_mays,dev,false,4483,26898000,869,1,4482,4483,4482
plant-genomic-benchmark__gene_exp.zea_mays,test,false,4483,26898000,13,1,4482,4483,4482
plant-genomic-benchmark__poly_a.arabidopsis_thaliana,train,false,153752,61500800,0,0,153752,153752,30384
plant-genomic-benchmark__poly_a.arabidopsis_thaliana,dev,false,17083,6833200,0,0,17083,17083,30384
plant-genomic-benchmark__poly_a.arabidopsis_thaliana,test,false,30384,12153600,0,0,30384,30384,30384
plant-genomic-benchmark__promoter_strength.leaf,train,false,58179,9890430,0,0,58179,58179,7154
plant-genomic-benchmark__promoter_strength.leaf,dev,false,6825,1160250,0,0,6825,6825,7154
plant-genomic-benchmark__promoter_strength.leaf,test,false,7154,1216180,0,0,7154,7154,7154
plant-genomic-benchmark__terminator_strength.leaf,train,false,43294,7359980,0,0,43294,43294,5309
plant-genomic-benchmark__terminator_strength.leaf,dev,false,4806,817020,0,0,4806,4806,5309
plant-genomic-benchmark__terminator_strength.leaf,test,false,5309,902530,0,0,5309,5309,5309
