dataset,source,citation,license,preprocessing,download_url,download_url_alternates
BEND__CpG_methylation,https://github.com/frederikkemarin/BEND,"Marin et al., ""BEND: Benchmarking DNA Language Models on biologically meaningful tasks"", arXiv:2311.12570, 2023",Unspecified,"Repackaged by DNALLM-Mark from the upstream source as per-task train/dev/test CSVs (sequence,label); Dev split carved via script/make_dev_splits.py (stratified 10%, rng seed 42) where the upstream provided none; the exact packaged copies ship in the project Zenodo record linked in the README",https://sid.erda.dk/cgi-sid/ls.py?share_id=aNQa0Oz2lY,https://www.modelscope.cn/datasets/forrestzhang/BEND
Deep4mC_datasets__C.elegans_4mC,https://doi.org/10.1093/bib/bbaa099,"""Deep4mC: systematic assessment and computational prediction for DNA N4-methylcytosine site"", Briefings in Bioinformatics, 2020, doi:10.1093/bib/bbaa099",Unspecified,"Repackaged by DNALLM-Mark from the upstream source as per-task train/dev/test CSVs (sequence,label); Dev split carved via script/make_dev_splits.py (stratified 10%, rng seed 42) where the upstream provided none; the exact packaged copies ship in the project Zenodo record linked in the README",https://www.modelscope.cn/datasets/forrestzhang/Deep4mC_datasets,Unspecified
Deep4mC_datasets__D.melanogaster_4mC,https://doi.org/10.1093/bib/bbaa099,"""Deep4mC: systematic assessment and computational prediction for DNA N4-methylcytosine site"", Briefings in Bioinformatics, 2020, doi:10.1093/bib/bbaa099",Unspecified,"Repackaged by DNALLM-Mark from the upstream source as per-task train/dev/test CSVs (sequence,label); Dev split carved via script/make_dev_splits.py (stratified 10%, rng seed 42) where the upstream provided none; the exact packaged copies ship in the project Zenodo record linked in the README",https://www.modelscope.cn/datasets/forrestzhang/Deep4mC_datasets,Unspecified
Deep4mC_datasets__E.coli_4mC,https://doi.org/10.1093/bib/bbaa099,"""Deep4mC: systematic assessment and computational prediction for DNA N4-methylcytosine site"", Briefings in Bioinformatics, 2020, doi:10.1093/bib/bbaa099",Unspecified,"Repackaged by DNALLM-Mark from the upstream source as per-task train/dev/test CSVs (sequence,label); Dev split carved via script/make_dev_splits.py (stratified 10%, rng seed 42) where the upstream provided none; the exact packaged copies ship in the project Zenodo record linked in the README",https://www.modelscope.cn/datasets/forrestzhang/Deep4mC_datasets,Unspecified
GUE__EPI_GM12878,https://github.com/MAGICS-LAB/DNABERT_2,"Zhou et al., ""DNABERT-2: Efficient Foundation Model and Benchmark For Multi-Species Genome"", arXiv:2306.15006, 2023 (introduces GUE)",Unspecified,"Repackaged by DNALLM-Mark from the upstream source as per-task train/dev/test CSVs (sequence,label); Dev split carved via script/make_dev_splits.py (stratified 10%, rng seed 42) where the upstream provided none; the exact packaged copies ship in the project Zenodo record linked in the README",https://drive.google.com/file/d/1uOrwlf07qGQuruXqGXWMpPn8avBoW7T-/view,https://www.modelscope.cn/datasets/lgq12697/GUE
GUE__emp_H3,https://github.com/MAGICS-LAB/DNABERT_2,"Zhou et al., ""DNABERT-2: Efficient Foundation Model and Benchmark For Multi-Species Genome"", arXiv:2306.15006, 2023 (introduces GUE)",Unspecified,"Repackaged by DNALLM-Mark from the upstream source as per-task train/dev/test CSVs (sequence,label); Dev split carved via script/make_dev_splits.py (stratified 10%, rng seed 42) where the upstream provided none; the exact packaged copies ship in the project Zenodo record linked in the README",https://drive.google.com/file/d/1uOrwlf07qGQuruXqGXWMpPn8avBoW7T-/view,https://www.modelscope.cn/datasets/lgq12697/GUE
GUE__emp_H3K14ac,https://github.com/MAGICS-LAB/DNABERT_2,"Zhou et al., ""DNABERT-2: Efficient Foundation Model and Benchmark For Multi-Species Genome"", arXiv:2306.15006, 2023 (introduces GUE)",Unspecified,"Repackaged by DNALLM-Mark from the upstream source as per-task train/dev/test CSVs (sequence,label); Dev split carved via script/make_dev_splits.py (stratified 10%, rng seed 42) where the upstream provided none; the exact packaged copies ship in the project Zenodo record linked in the README",https://drive.google.com/file/d/1uOrwlf07qGQuruXqGXWMpPn8avBoW7T-/view,https://www.modelscope.cn/datasets/lgq12697/GUE
GUE__emp_H3K36me3,https://github.com/MAGICS-LAB/DNABERT_2,"Zhou et al., ""DNABERT-2: Efficient Foundation Model and Benchmark For Multi-Species Genome"", arXiv:2306.15006, 2023 (introduces GUE)",Unspecified,"Repackaged by DNALLM-Mark from the upstream source as per-task train/dev/test CSVs (sequence,label); Dev split carved via script/make_dev_splits.py (stratified 10%, rng seed 42) where the upstream provided none; the exact packaged copies ship in the project Zenodo record linked in the README",https://drive.google.com/file/d/1uOrwlf07qGQuruXqGXWMpPn8avBoW7T-/view,https://www.modelscope.cn/datasets/lgq12697/GUE
GUE__emp_H3K4me1,https://github.com/MAGICS-LAB/DNABERT_2,"Zhou et al., ""DNABERT-2: Efficient Foundation Model and Benchmark For Multi-Species Genome"", arXiv:2306.15006, 2023 (introduces GUE)",Unspecified,"Repackaged by DNALLM-Mark from the upstream source as per-task train/dev/test CSVs (sequence,label); Dev split carved via script/make_dev_splits.py (stratified 10%, rng seed 42) where the upstream provided none; the exact packaged copies ship in the project Zenodo record linked in the README",https://drive.google.com/file/d/1uOrwlf07qGQuruXqGXWMpPn8avBoW7T-/view,https://www.modelscope.cn/datasets/lgq12697/GUE
GUE__emp_H3K79me3,https://github.com/MAGICS-LAB/DNABERT_2,"Zhou et al., ""DNABERT-2: Efficient Foundation Model and Benchmark For Multi-Species Genome"", arXiv:2306.15006, 2023 (introduces GUE)",Unspecified,"Repackaged by DNALLM-Mark from the upstream source as per-task train/dev/test CSVs (sequence,label); Dev split carved via script/make_dev_splits.py (stratified 10%, rng seed 42) where the upstream provided none; the exact packaged copies ship in the project Zenodo record linked in the README",https://drive.google.com/file/d/1uOrwlf07qGQuruXqGXWMpPn8avBoW7T-/view,https://www.modelscope.cn/datasets/lgq12697/GUE
GUE__emp_H3K9ac,https://github.com/MAGICS-LAB/DNABERT_2,"Zhou et al., ""DNABERT-2: Efficient Foundation Model and Benchmark For Multi-Species Genome"", arXiv:2306.15006, 2023 (introduces GUE)",Unspecified,"Repackaged by DNALLM-Mark from the upstream source as per-task train/dev/test CSVs (sequence,label); Dev split carved via script/make_dev_splits.py (stratified 10%, rng seed 42) where the upstream provided none; the exact packaged copies ship in the project Zenodo record linked in the README",https://drive.google.com/file/d/1uOrwlf07qGQuruXqGXWMpPn8avBoW7T-/view,https://www.modelscope.cn/datasets/lgq12697/GUE
GUE__emp_H4,https://github.com/MAGICS-LAB/DNABERT_2,"Zhou et al., ""DNABERT-2: Efficient Foundation Model and Benchmark For Multi-Species Genome"", arXiv:2306.15006, 2023 (introduces GUE)",Unspecified,"Repackaged by DNALLM-Mark from the upstream source as per-task train/dev/test CSVs (sequence,label); Dev split carved via script/make_dev_splits.py (stratified 10%, rng seed 42) where the upstream provided none; the exact packaged copies ship in the project Zenodo record linked in the README",https://drive.google.com/file/d/1uOrwlf07qGQuruXqGXWMpPn8avBoW7T-/view,https://www.modelscope.cn/datasets/lgq12697/GUE
GUE__emp_H4ac,https://github.com/MAGICS-LAB/DNABERT_2,"Zhou et al., ""DNABERT-2: Efficient Foundation Model and Benchmark For Multi-Species Genome"", arXiv:2306.15006, 2023 (introduces GUE)",Unspecified,"Repackaged by DNALLM-Mark from the upstream source as per-task train/dev/test CSVs (sequence,label); Dev split carved via script/make_dev_splits.py (stratified 10%, rng seed 42) where the upstream provided none; the exact packaged copies ship in the project Zenodo record linked in the README",https://drive.google.com/file/d/1uOrwlf07qGQuruXqGXWMpPn8avBoW7T-/view,https://www.modelscope.cn/datasets/lgq12697/GUE
GUE__fungi_species_20,https://github.com/MAGICS-LAB/DNABERT_2,"Zhou et al., ""DNABERT-2: Efficient Foundation Model and Benchmark For Multi-Species Genome"", arXiv:2306.15006, 2023 (introduces GUE)",Unspecified,"Repackaged by DNALLM-Mark from the upstream source as per-task train/dev/test CSVs (sequence,label); Dev split carved via script/make_dev_splits.py (stratified 10%, rng seed 42) where the upstream provided none; the exact packaged copies ship in the project Zenodo record linked in the README",https://drive.google.com/file/d/1uOrwlf07qGQuruXqGXWMpPn8avBoW7T-/view,https://www.modelscope.cn/datasets/lgq12697/GUE
GUE__human_tf_0,https://github.com/MAGICS-LAB/DNABERT_2,"Zhou et al., ""DNABERT-2: Efficient Foundation Model and Benchmark For Multi-Species Genome"", arXiv:2306.15006, 2023 (introduces GUE)",Unspecified,"Repackaged by DNALLM-Mark from the upstream source as per-task train/dev/test CSVs (sequence,label); Dev split carved via script/make_dev_splits.py (stratified 10%, rng seed 42) where the upstream provided none; the exact packaged copies ship in the project Zenodo record linked in the README",https://drive.google.com/file/d/1uOrwlf07qGQuruXqGXWMpPn8avBoW7T-/view,https://www.modelscope.cn/datasets/lgq12697/GUE
GUE__mouse_1,https://github.com/MAGICS-LAB/DNABERT_2,"Zhou et al., ""DNABERT-2: Efficient Foundation Model and Benchmark For Multi-Species Genome"", arXiv:2306.15006, 2023 (introduces GUE)",Unspecified,"Repackaged by DNALLM-Mark from the upstream source as per-task train/dev/test CSVs (sequence,label); Dev split carved via script/make_dev_splits.py (stratified 10%, rng seed 42) where the upstream provided none; the exact packaged copies ship in the project Zenodo record linked in the README",https://drive.google.com/file/d/1uOrwlf07qGQuruXqGXWMpPn8avBoW7T-/view,https://www.modelscope.cn/datasets/lgq12697/GUE
GUE__mouse_4,https://github.com/MAGICS-LAB/DNABERT_2,"Zhou et al., ""DNABERT-2: Efficient Foundation Model and Benchmark For Multi-Species Genome"", arXiv:2306.15006, 2023 (introduces GUE)",Unspecified,"Repackaged by DNALLM-Mark from the upstream source as per-task train/dev/test CSVs (sequence,label); Dev split carved via script/make_dev_splits.py (stratified 10%, rng seed 42) where the upstream provided none; the exact packaged copies ship in the project Zenodo record linked in the README",https://drive.google.com/file/d/1uOrwlf07qGQuruXqGXWMpPn8avBoW7T-/view,https://www.modelscope.cn/datasets/lgq12697/GUE
GUE__prom_300_all,https://github.com/MAGICS-LAB/DNABERT_2,"Zhou et al., ""DNABERT-2: Efficient Foundation Model and Benchmark For Multi-Species Genome"", arXiv:2306.15006, 2023 (introduces GUE)",Unspecified,"Repackaged by DNALLM-Mark from the upstream source as per-task train/dev/test CSVs (sequence,label); Dev split carved via script/make_dev_splits.py (stratified 10%, rng seed 42) where the upstream provided none; the exact packaged copies ship in the project Zenodo record linked in the README",https://drive.google.com/file/d/1uOrwlf07qGQuruXqGXWMpPn8avBoW7T-/view,https://www.modelscope.cn/datasets/lgq12697/GUE
GUE__prom_core_all,https://github.com/MAGICS-LAB/DNABERT_2,"Zhou et al., ""DNABERT-2: Efficient Foundation Model and Benchmark For Multi-Species Genome"", arXiv:2306.15006, 2023 (introduces GUE)",Unspecified,"Repackaged by DNALLM-Mark from the upstream source as per-task train/dev/test CSVs (sequence,label); Dev split carved via script/make_dev_splits.py (stratified 10%, rng seed 42) where the upstream provided none; the exact packaged copies ship in the project Zenodo record linked in the README",https://drive.google.com/file/d/1uOrwlf07qGQuruXqGXWMpPn8avBoW7T-/view,https://www.modelscope.cn/datasets/lgq12697/GUE
GUE__virus_covid,https://github.com/MAGICS-LAB/DNABERT_2,"Zhou et al., ""DNABERT-2: Efficient Foundation Model and Benchmark For Multi-Species Genome"", arXiv:2306.15006, 2023 (introduces GUE)",Unspecified,"Repackaged by DNALLM-Mark from the upstream source as per-task train/dev/test CSVs (sequence,label); Dev split carved via script/make_dev_splits.py (stratified 10%, rng seed 42) where the upstream provided none; the exact packaged copies ship in the project Zenodo record linked in the README",https://drive.google.com/file/d/1uOrwlf07qGQuruXqGXWMpPn8avBoW7T-/view,https://www.modelscope.cn/datasets/lgq12697/GUE
GUE__virus_species_40,https://github.com/MAGICS-LAB/DNABERT_2,"Zhou et al., ""DNABERT-2: Efficient Foundation Model and Benchmark For Multi-Species Genome"", arXiv:2306.15006, 2023 (introduces GUE)",Unspecified,"Repackaged by DNALLM-Mark from the upstream source as per-task train/dev/test CSVs (sequence,label); Dev split carved via script/make_dev_splits.py (stratified 10%, rng seed 42) where the upstream provided none; the exact packaged copies ship in the project Zenodo record linked in the README",https://drive.google.com/file/d/1uOrwlf07qGQuruXqGXWMpPn8avBoW7T-/view,https://www.modelscope.cn/datasets/lgq12697/GUE
Genomic_Benchmarks__coding,https://github.com/ML-Bioinfo-CEITEC/genomic_benchmarks,"Grešová et al., ""Genomic benchmarks: a collection of datasets for genomic sequence classification"", BMC Genomic Data, 2023, doi:10.1186/s12863-023-01123-8",Unspecified,"Repackaged by DNALLM-Mark from the upstream source as per-task train/dev/test CSVs (sequence,label); Dev split carved via script/make_dev_splits.py (stratified 10%, rng seed 42) where the upstream provided none; the exact packaged copies ship in the project Zenodo record linked in the README",https://www.modelscope.cn/datasets/lgq12697/Genomic_Benchmarks,https://huggingface.co/katarinagresova (per-task HF mirrors by the benchmark author)
Genomic_Benchmarks__human_vs_worm,https://github.com/ML-Bioinfo-CEITEC/genomic_benchmarks,"Grešová et al., ""Genomic benchmarks: a collection of datasets for genomic sequence classification"", BMC Genomic Data, 2023, doi:10.1186/s12863-023-01123-8",Unspecified,"Repackaged by DNALLM-Mark from the upstream source as per-task train/dev/test CSVs (sequence,label); Dev split carved via script/make_dev_splits.py (stratified 10%, rng seed 42) where the upstream provided none; the exact packaged copies ship in the project Zenodo record linked in the README",https://www.modelscope.cn/datasets/lgq12697/Genomic_Benchmarks,https://huggingface.co/katarinagresova (per-task HF mirrors by the benchmark author)
Genomic_Benchmarks__regulatory_region_type,https://github.com/ML-Bioinfo-CEITEC/genomic_benchmarks,"Grešová et al., ""Genomic benchmarks: a collection of datasets for genomic sequence classification"", BMC Genomic Data, 2023, doi:10.1186/s12863-023-01123-8",Unspecified,"Repackaged by DNALLM-Mark from the upstream source as per-task train/dev/test CSVs (sequence,label); Dev split carved via script/make_dev_splits.py (stratified 10%, rng seed 42) where the upstream provided none; the exact packaged copies ship in the project Zenodo record linked in the README",https://www.modelscope.cn/datasets/lgq12697/Genomic_Benchmarks,https://huggingface.co/katarinagresova (per-task HF mirrors by the benchmark author)
NT_downstream_tasks__H3K27ac,https://huggingface.co/datasets/InstaDeepAI/nucleotide_transformer_downstream_tasks,"Dalla-Torre et al., ""The Nucleotide Transformer: Building and Evaluating Robust Foundation Models for Human Genomics"", bioRxiv, 2023, doi:10.1101/2023.01.11.523679",Unspecified,"Repackaged by DNALLM-Mark from the upstream source as per-task train/dev/test CSVs (sequence,label); Dev split carved via script/make_dev_splits.py (stratified 10%, rng seed 42) where the upstream provided none; the exact packaged copies ship in the project Zenodo record linked in the README",https://huggingface.co/datasets/InstaDeepAI/nucleotide_transformer_downstream_tasks,https://www.modelscope.cn/datasets/lgq12697/nucleotide_transformer_downstream_tasks
NT_downstream_tasks__H3K27me3,https://huggingface.co/datasets/InstaDeepAI/nucleotide_transformer_downstream_tasks,"Dalla-Torre et al., ""The Nucleotide Transformer: Building and Evaluating Robust Foundation Models for Human Genomics"", bioRxiv, 2023, doi:10.1101/2023.01.11.523679",Unspecified,"Repackaged by DNALLM-Mark from the upstream source as per-task train/dev/test CSVs (sequence,label); Dev split carved via script/make_dev_splits.py (stratified 10%, rng seed 42) where the upstream provided none; the exact packaged copies ship in the project Zenodo record linked in the README",https://huggingface.co/datasets/InstaDeepAI/nucleotide_transformer_downstream_tasks,https://www.modelscope.cn/datasets/lgq12697/nucleotide_transformer_downstream_tasks
NT_downstream_tasks__H3K4me2,https://huggingface.co/datasets/InstaDeepAI/nucleotide_transformer_downstream_tasks,"Dalla-Torre et al., ""The Nucleotide Transformer: Building and Evaluating Robust Foundation Models for Human Genomics"", bioRxiv, 2023, doi:10.1101/2023.01.11.523679",Unspecified,"Repackaged by DNALLM-Mark from the upstream source as per-task train/dev/test CSVs (sequence,label); Dev split carved via script/make_dev_splits.py (stratified 10%, rng seed 42) where the upstream provided none; the exact packaged copies ship in the project Zenodo record linked in the README",https://huggingface.co/datasets/InstaDeepAI/nucleotide_transformer_downstream_tasks,https://www.modelscope.cn/datasets/lgq12697/nucleotide_transformer_downstream_tasks
NT_downstream_tasks__H3K9me3,https://huggingface.co/datasets/InstaDeepAI/nucleotide_transformer_downstream_tasks,"Dalla-Torre et al., ""The Nucleotide Transformer: Building and Evaluating Robust Foundation Models for Human Genomics"", bioRxiv, 2023, doi:10.1101/2023.01.11.523679",Unspecified,"Repackaged by DNALLM-Mark from the upstream source as per-task train/dev/test CSVs (sequence,label); Dev split carved via script/make_dev_splits.py (stratified 10%, rng seed 42) where the upstream provided none; the exact packaged copies ship in the project Zenodo record linked in the README",https://huggingface.co/datasets/InstaDeepAI/nucleotide_transformer_downstream_tasks,https://www.modelscope.cn/datasets/lgq12697/nucleotide_transformer_downstream_tasks
NT_downstream_tasks__enhancers,https://huggingface.co/datasets/InstaDeepAI/nucleotide_transformer_downstream_tasks,"Dalla-Torre et al., ""The Nucleotide Transformer: Building and Evaluating Robust Foundation Models for Human Genomics"", bioRxiv, 2023, doi:10.1101/2023.01.11.523679",Unspecified,"Repackaged by DNALLM-Mark from the upstream source as per-task train/dev/test CSVs (sequence,label); Dev split carved via script/make_dev_splits.py (stratified 10%, rng seed 42) where the upstream provided none; the exact packaged copies ship in the project Zenodo record linked in the README",https://huggingface.co/datasets/InstaDeepAI/nucleotide_transformer_downstream_tasks,https://www.modelscope.cn/datasets/lgq12697/nucleotide_transformer_downstream_tasks
NT_downstream_tasks__splice_sites_acceptors,https://huggingface.co/datasets/InstaDeepAI/nucleotide_transformer_downstream_tasks,"Dalla-Torre et al., ""The Nucleotide Transformer: Building and Evaluating Robust Foundation Models for Human Genomics"", bioRxiv, 2023, doi:10.1101/2023.01.11.523679",Unspecified,"Repackaged by DNALLM-Mark from the upstream source as per-task train/dev/test CSVs (sequence,label); Dev split carved via script/make_dev_splits.py (stratified 10%, rng seed 42) where the upstream provided none; the exact packaged copies ship in the project Zenodo record linked in the README",https://huggingface.co/datasets/InstaDeepAI/nucleotide_transformer_downstream_tasks,https://www.modelscope.cn/datasets/lgq12697/nucleotide_transformer_downstream_tasks
NT_downstream_tasks__splice_sites_all,https://huggingface.co/datasets/InstaDeepAI/nucleotide_transformer_downstream_tasks,"Dalla-Torre et al., ""The Nucleotide Transformer: Building and Evaluating Robust Foundation Models for Human Genomics"", bioRxiv, 2023, doi:10.1101/2023.01.11.523679",Unspecified,"Repackaged by DNALLM-Mark from the upstream source as per-task train/dev/test CSVs (sequence,label); Dev split carved via script/make_dev_splits.py (stratified 10%, rng seed 42) where the upstream provided none; the exact packaged copies ship in the project Zenodo record linked in the README",https://huggingface.co/datasets/InstaDeepAI/nucleotide_transformer_downstream_tasks,https://www.modelscope.cn/datasets/lgq12697/nucleotide_transformer_downstream_tasks
NT_downstream_tasks__splice_sites_donors,https://huggingface.co/datasets/InstaDeepAI/nucleotide_transformer_downstream_tasks,"Dalla-Torre et al., ""The Nucleotide Transformer: Building and Evaluating Robust Foundation Models for Human Genomics"", bioRxiv, 2023, doi:10.1101/2023.01.11.523679",Unspecified,"Repackaged by DNALLM-Mark from the upstream source as per-task train/dev/test CSVs (sequence,label); Dev split carved via script/make_dev_splits.py (stratified 10%, rng seed 42) where the upstream provided none; the exact packaged copies ship in the project Zenodo record linked in the README",https://huggingface.co/datasets/InstaDeepAI/nucleotide_transformer_downstream_tasks,https://www.modelscope.cn/datasets/lgq12697/nucleotide_transformer_downstream_tasks
PDLLMs_datasets__plant-multi-species-H3K27ac,https://huggingface.co/datasets/zhangtaolab/plant-multi-species-histone-modifications,Unspecified,CC BY-NC-SA 4.0,"Repackaged by DNALLM-Mark from the upstream source as per-task train/dev/test CSVs (sequence,label); Dev split carved via script/make_dev_splits.py (stratified 10%, rng seed 42) where the upstream provided none; the exact packaged copies ship in the project Zenodo record linked in the README",https://modelscope.cn/datasets/zhangtaolab/plant-multi-species-histone-modifications,https://huggingface.co/datasets/zhangtaolab/plant-multi-species-histone-modifications
PDLLMs_datasets__plant-multi-species-H3K27me3,https://huggingface.co/datasets/zhangtaolab/plant-multi-species-histone-modifications,Unspecified,CC BY-NC-SA 4.0,"Repackaged by DNALLM-Mark from the upstream source as per-task train/dev/test CSVs (sequence,label); Dev split carved via script/make_dev_splits.py (stratified 10%, rng seed 42) where the upstream provided none; the exact packaged copies ship in the project Zenodo record linked in the README",https://modelscope.cn/datasets/zhangtaolab/plant-multi-species-histone-modifications,https://huggingface.co/datasets/zhangtaolab/plant-multi-species-histone-modifications
PDLLMs_datasets__plant-multi-species-H3K4me3,https://huggingface.co/datasets/zhangtaolab/plant-multi-species-histone-modifications,Unspecified,CC BY-NC-SA 4.0,"Repackaged by DNALLM-Mark from the upstream source as per-task train/dev/test CSVs (sequence,label); Dev split carved via script/make_dev_splits.py (stratified 10%, rng seed 42) where the upstream provided none; the exact packaged copies ship in the project Zenodo record linked in the README",https://modelscope.cn/datasets/zhangtaolab/plant-multi-species-histone-modifications,https://huggingface.co/datasets/zhangtaolab/plant-multi-species-histone-modifications
PDLLMs_datasets__plant-multi-species-core-promoters,https://huggingface.co/datasets/zhangtaolab/plant-multi-species-core-promoters,Unspecified,CC BY-NC-SA 4.0,"Repackaged by DNALLM-Mark from the upstream source as per-task train/dev/test CSVs (sequence,label); Dev split carved via script/make_dev_splits.py (stratified 10%, rng seed 42) where the upstream provided none; the exact packaged copies ship in the project Zenodo record linked in the README",https://modelscope.cn/datasets/zhangtaolab/plant-multi-species-core-promoters,https://huggingface.co/datasets/zhangtaolab/plant-multi-species-core-promoters
PDLLMs_datasets__plant-multi-species-lncRNAs,https://huggingface.co/datasets/zhangtaolab/plant-multi-species-lncRNAs,Unspecified,CC BY-NC-SA 4.0,"Repackaged by DNALLM-Mark from the upstream source as per-task train/dev/test CSVs (sequence,label); Dev split carved via script/make_dev_splits.py (stratified 10%, rng seed 42) where the upstream provided none; the exact packaged copies ship in the project Zenodo record linked in the README",https://modelscope.cn/datasets/zhangtaolab/plant-multi-species-lncRNAs,https://huggingface.co/datasets/zhangtaolab/plant-multi-species-lncRNAs
PDLLMs_datasets__plant-multi-species-open-chromatin,https://huggingface.co/datasets/zhangtaolab/plant-multi-species-open-chromatin,Unspecified,CC BY-NC-SA 4.0,"Repackaged by DNALLM-Mark from the upstream source as per-task train/dev/test CSVs (sequence,label); Dev split carved via script/make_dev_splits.py (stratified 10%, rng seed 42) where the upstream provided none; the exact packaged copies ship in the project Zenodo record linked in the README",https://modelscope.cn/datasets/zhangtaolab/plant-multi-species-open-chromatin,https://huggingface.co/datasets/zhangtaolab/plant-multi-species-open-chromatin
PDLLMs_datasets__plant-multi-species-sequence-conservation,https://huggingface.co/datasets/zhangtaolab/plant-multi-species-sequence-conservation,Unspecified,CC BY-NC-SA 4.0,"Repackaged by DNALLM-Mark from the upstream source as per-task train/dev/test CSVs (sequence,label); Dev split carved via script/make_dev_splits.py (stratified 10%, rng seed 42) where the upstream provided none; the exact packaged copies ship in the project Zenodo record linked in the README",https://modelscope.cn/datasets/zhangtaolab/plant-multi-species-sequence-conservation,https://huggingface.co/datasets/zhangtaolab/plant-multi-species-sequence-conservation
PlantCAD2_fine_tuning_tasks__cross_species_leaf_absolute_translation,https://huggingface.co/datasets/zhangtaolab/cross_species_leaf_absolute_translation,"""PlantCAD2: a DNA foundation model for interpreting genomes across flowering plants"", bioRxiv, 2025, doi:10.1101/2025.08.27.672609",CC BY-NC-ND 4.0,"Repackaged by DNALLM-Mark from the upstream source as per-task train/dev/test CSVs (sequence,label); Dev split carved via script/make_dev_splits.py (stratified 10%, rng seed 42) where the upstream provided none; the exact packaged copies ship in the project Zenodo record linked in the README",https://modelscope.cn/datasets/zhangtaolab/cross_species_leaf_absolute_translation,https://huggingface.co/datasets/zhangtaolab/cross_species_leaf_absolute_translation
PlantCAD2_fine_tuning_tasks__cross_species_leaf_on_off_translation,https://huggingface.co/datasets/zhangtaolab/cross_species_leaf_on_off_translation,"""PlantCAD2: a DNA foundation model for interpreting genomes across flowering plants"", bioRxiv, 2025, doi:10.1101/2025.08.27.672609",CC BY-NC 4.0,"Repackaged by DNALLM-Mark from the upstream source as per-task train/dev/test CSVs (sequence,label); Dev split carved via script/make_dev_splits.py (stratified 10%, rng seed 42) where the upstream provided none; the exact packaged copies ship in the project Zenodo record linked in the README",https://modelscope.cn/datasets/zhangtaolab/cross_species_leaf_on_off_translation,https://huggingface.co/datasets/zhangtaolab/cross_species_leaf_on_off_translation
iDNA_ABF_datasets__5mC,https://github.com/FakeEnd/iDNA_ABF,"""iDNA-ABF: multi-scale deep biological language learning model for the interpretable prediction of DNA methylations"", Genome Biology, 2022, doi:10.1186/s13059-022-02780-1",Unspecified,"Repackaged by DNALLM-Mark from the upstream source as per-task train/dev/test CSVs (sequence,label); Dev split carved via script/make_dev_splits.py (stratified 10%, rng seed 42) where the upstream provided none; the exact packaged copies ship in the project Zenodo record linked in the README",https://www.modelscope.cn/datasets/forrestzhang/iDNA_ABF_datasets,Unspecified
iDNA_ABF_datasets__6mA,https://github.com/FakeEnd/iDNA_ABF,"""iDNA-ABF: multi-scale deep biological language learning model for the interpretable prediction of DNA methylations"", Genome Biology, 2022, doi:10.1186/s13059-022-02780-1",Unspecified,"Repackaged by DNALLM-Mark from the upstream source as per-task train/dev/test CSVs (sequence,label); Dev split carved via script/make_dev_splits.py (stratified 10%, rng seed 42) where the upstream provided none; the exact packaged copies ship in the project Zenodo record linked in the README",https://www.modelscope.cn/datasets/forrestzhang/iDNA_ABF_datasets,Unspecified
iPro-WAEL_datasets__Promoter_R_capsulatus,https://github.com/HaoWuLab-Bioinformatics/iPro-WAEL,"""iPro-WAEL: a comprehensive and robust framework for identifying promoters in multiple species"", Nucleic Acids Research, 2022, doi:10.1093/nar/gkac824",Unspecified,"Repackaged by DNALLM-Mark from the upstream source as per-task train/dev/test CSVs (sequence,label); Dev split carved via script/make_dev_splits.py (stratified 10%, rng seed 42) where the upstream provided none; the exact packaged copies ship in the project Zenodo record linked in the README",https://www.modelscope.cn/datasets/forrestzhang/iPro-WAEL_datasets,Unspecified
plant-genomic-benchmark__gene_exp.arabidopsis_thaliana,https://huggingface.co/datasets/InstaDeepAI/plant-genomic-benchmark,"""AgroNT: A Foundational Large Language Model for Edible Plant Genomes"" (paper named on the InstaDeepAI dataset card; DOI not stated there)",CC BY-NC-SA 4.0,"Repackaged by DNALLM-Mark from the upstream source as per-task train/dev/test CSVs (sequence,label); Dev split carved via script/make_dev_splits.py (stratified 10%, rng seed 42) where the upstream provided none; the exact packaged copies ship in the project Zenodo record linked in the README",https://huggingface.co/datasets/InstaDeepAI/plant-genomic-benchmark,https://www.modelscope.cn/datasets/lgq12697/plant-genomic-benchmark
plant-genomic-benchmark__gene_exp.oryza_sativa,https://huggingface.co/datasets/InstaDeepAI/plant-genomic-benchmark,"""AgroNT: A Foundational Large Language Model for Edible Plant Genomes"" (paper named on the InstaDeepAI dataset card; DOI not stated there)",CC BY-NC-SA 4.0,"Repackaged by DNALLM-Mark from the upstream source as per-task train/dev/test CSVs (sequence,label); Dev split carved via script/make_dev_splits.py (stratified 10%, rng seed 42) where the upstream provided none; the exact packaged copies ship in the project Zenodo record linked in the README",https://huggingface.co/datasets/InstaDeepAI/plant-genomic-benchmark,https://www.modelscope.cn/datasets/lgq12697/plant-genomic-benchmark
plant-genomic-benchmark__gene_exp.zea_mays,https://huggingface.co/datasets/InstaDeepAI/plant-genomic-benchmark,"""AgroNT: A Foundational Large Language Model for Edible Plant Genomes"" (paper named on the InstaDeepAI dataset card; DOI not stated there)",CC BY-NC-SA 4.0,"Repackaged by DNALLM-Mark from the upstream source as per-task train/dev/test CSVs (sequence,label); Dev split carved via script/make_dev_splits.py (stratified 10%, rng seed 42) where the upstream provided none; the exact packaged copies ship in the project Zenodo record linked in the README",https://huggingface.co/datasets/InstaDeepAI/plant-genomic-benchmark,https://www.modelscope.cn/datasets/lgq12697/plant-genomic-benchmark
plant-genomic-benchmark__poly_a.arabidopsis_thaliana,https://huggingface.co/datasets/InstaDeepAI/plant-genomic-benchmark,"""AgroNT: A Foundational Large Language Model for Edible Plant Genomes"" (paper named on the InstaDeepAI dataset card; DOI not stated there)",CC BY-NC-SA 4.0,"Repackaged by DNALLM-Mark from the upstream source as per-task train/dev/test CSVs (sequence,label); Dev split carved via script/make_dev_splits.py (stratified 10%, rng seed 42) where the upstream provided none; the exact packaged copies ship in the project Zenodo record linked in the README",https://huggingface.co/datasets/InstaDeepAI/plant-genomic-benchmark,https://www.modelscope.cn/datasets/lgq12697/plant-genomic-benchmark
plant-genomic-benchmark__promoter_strength.leaf,https://huggingface.co/datasets/InstaDeepAI/plant-genomic-benchmark,"""AgroNT: A Foundational Large Language Model for Edible Plant Genomes"" (paper named on the InstaDeepAI dataset card; DOI not stated there)",CC BY-NC-SA 4.0,"Repackaged by DNALLM-Mark from the upstream source as per-task train/dev/test CSVs (sequence,label); Dev split carved via script/make_dev_splits.py (stratified 10%, rng seed 42) where the upstream provided none; the exact packaged copies ship in the project Zenodo record linked in the README",https://huggingface.co/datasets/InstaDeepAI/plant-genomic-benchmark,https://www.modelscope.cn/datasets/lgq12697/plant-genomic-benchmark
plant-genomic-benchmark__terminator_strength.leaf,https://huggingface.co/datasets/InstaDeepAI/plant-genomic-benchmark,"""AgroNT: A Foundational Large Language Model for Edible Plant Genomes"" (paper named on the InstaDeepAI dataset card; DOI not stated there)",CC BY-NC-SA 4.0,"Repackaged by DNALLM-Mark from the upstream source as per-task train/dev/test CSVs (sequence,label); Dev split carved via script/make_dev_splits.py (stratified 10%, rng seed 42) where the upstream provided none; the exact packaged copies ship in the project Zenodo record linked in the README",https://huggingface.co/datasets/InstaDeepAI/plant-genomic-benchmark,https://www.modelscope.cn/datasets/lgq12697/plant-genomic-benchmark
